writer_id,genuine_count,skilled_count,random_count,tar_pct,frr_pct,skilled_far_pct,random_far_pct,overall_far_pct,mean_gen_sim,mean_skilled_sim,mean_random_sim,separation_margin
46,60,36,24,73.33,26.67,47.22,0.0,28.33,0.7494,0.6778,0.3652,0.0716
47,60,36,24,95.0,5.0,80.56,8.33,51.67,0.7634,0.7233,0.6145,0.0401
48,60,36,24,100.0,0.0,88.89,16.67,60.0,0.7749,0.7524,0.6118,0.0225
49,60,36,24,78.33,21.67,58.33,0.0,35.0,0.7402,0.7119,0.5673,0.0283
50,60,36,24,85.0,15.0,33.33,4.17,21.67,0.7474,0.6904,0.5913,0.057
51,60,36,24,100.0,0.0,38.89,20.83,31.67,0.7844,0.7002,0.6389,0.0842
52,60,36,24,100.0,0.0,97.22,0.0,58.33,0.8105,0.7643,0.5815,0.0462
53,60,36,24,100.0,0.0,100.0,25.0,70.0,0.8122,0.7657,0.6059,0.0465
54,60,36,24,78.33,21.67,47.22,12.5,33.33,0.7392,0.6967,0.641,0.0425
55,60,36,24,100.0,0.0,97.22,29.17,70.0,0.8096,0.7656,0.6736,0.044
